Wall time,Step,Value
1677089102.2590568,60000,0.7993826866149902
1677089201.940416,120000,0.9934303164482117
